label,chrF++
in-in,30.53652931888111
in-out,22.31234144978438
out-in,25.47402398371961
out-out,19.54547490896808
xx-yy,23.488964094262517
avg,23.567702782668125
