label,chrF++
in-in,33.153717970218494
in-out,19.31965919020126
out-in,27.284319209001133
out-out,16.948503993176185
xx-yy,23.092487110807237
avg,23.207068373024537
