label,chrF++
in-in,22.57521326221986
in-out,19.05666643349158
out-in,20.462290159370994
out-out,17.664392660646744
xx-yy,19.182891800172644
avg,19.220594516610696
