label,chrF++
Arab-xx,18.365931565111655
Cyrl-xx,18.980888742686624
Latn-xx,18.014907762969155
other-xx,18.228939676823195
