label,chrF++
xx-Arab,15.70814102790876
xx-Cyrl,18.54004813934074
xx-Latn,18.979855521951112
xx-other,16.322475572440744
