label,chrF++
in-in,32.950288555994824
in-out,24.645338347424318
out-in,26.00353877352012
out-out,20.488314031447153
xx-yy,25.017850947526732
avg,25.125499658496636
