label,chrF++
in-in,24.525301353788585
in-out,21.205519389959978
out-in,21.141711528651598
out-out,18.67476096388754
xx-yy,20.62462362034893
avg,20.690942983279502
