label,chrF++
Arab-xx,23.434920769136742
Cyrl-xx,26.173728880546037
Latn-xx,24.00671529974391
other-xx,23.74021152116739
