label,chrF++
xx-Arab,21.005379894073712
xx-Cyrl,26.520086047364348
xx-Latn,24.996068622394656
xx-other,21.416676929844588
