label,chrF++
in-in,27.835229079658752
in-out,19.890365387063923
out-in,23.587540476752782
out-out,17.70704419150448
xx-yy,21.488136379862777
avg,21.556500694800512
