label,chrF++
Arab-xx,20.170090942529043
Cyrl-xx,22.279843045497127
Latn-xx,20.517256322432058
other-xx,20.327231380241653
