label,chrF++
xx-Arab,17.666661331622123
xx-Cyrl,24.84275874643509
xx-Latn,20.82568331059572
xx-other,19.590902190618955
