label,chrF++
in-in,30.9440138643299
in-out,22.67788578227792
out-in,25.153884123495185
out-out,19.254106109249477
xx-yy,23.7508857524092
avg,23.847774282969
