label,chrF++
in-in,28.340328333155863
in-out,17.135435141511742
out-in,23.573490569261015
out-out,15.20799241596774
xx-yy,20.163826033118053
avg,20.250697046395473
