label,chrF++
Arab-xx,21.399728323943474
Cyrl-xx,23.456616101967942
Latn-xx,21.833150782702333
other-xx,21.62390879516945
