label,chrF++
xx-Arab,19.224387663282826
xx-Cyrl,24.452552801319683
xx-Latn,22.342744298930427
xx-other,20.47364738834456
