label,chrF++
Arab-xx,19.930156309606105
Cyrl-xx,21.039230438956103
Latn-xx,19.62470814313923
other-xx,19.797800854930497
