label,chrF++
xx-Arab,17.453857534363184
xx-Cyrl,20.12854548486739
xx-Latn,20.64560058102644
xx-other,17.739318898214734
