label,chrF++
in-in,20.496944876073833
in-out,17.169699348399313
out-in,19.128573934480713
out-out,16.36584582119936
xx-yy,17.586340366799032
avg,17.613979890050132
