label,chrF++
Arab-xx,23.514891054544425
Cyrl-xx,26.042213276975286
Latn-xx,24.07673342450271
other-xx,23.80228367893414
