label,chrF++
xx-Arab,21.196769055166868
xx-Cyrl,26.54531350358567
xx-Latn,24.763786607824986
xx-other,22.250678524648627
