label,chrF++_baseline,chrF++_scaffold,chrF++_packed
in-in,20.496944876073837,24.525301353788585,22.57521326221986
in-out,17.169699348399313,21.205519389959974,19.05666643349158
out-in,19.128573934480716,21.1417115286516,20.462290159370998
out-out,16.36584582119936,18.67476096388754,17.664392660646744
xx-yy,17.586340366799032,20.62462362034893,19.182891800172644
avg,17.613979890050132,20.690942983279506,19.220594516610696
