label,chrF++
Arab-xx,21.248390368222974
Cyrl-xx,22.893040815880493
Latn-xx,20.955083393863603
other-xx,21.291597203480826
