label,chrF++
xx-Arab,18.59687719057259
xx-Cyrl,21.361645189574226
xx-Latn,22.17604243664821
xx-other,18.872176748811263
