label,chrF++
Arab-xx,23.034710384205294
Cyrl-xx,25.450544946658937
Latn-xx,23.620099949478256
other-xx,23.09636342249645
