label,chrF++
xx-Arab,20.03904059909522
xx-Cyrl,29.015673997853213
xx-Latn,23.97034626477284
xx-other,22.085460334009976
