label,chrF++
Arab-xx,24.803335221676274
Cyrl-xx,28.23276273186578
Latn-xx,25.489073176252937
other-xx,25.34064253202473
