label,chrF++
xx-Arab,22.364032365338904
xx-Cyrl,27.778938807170718
xx-Latn,26.44911562397636
xx-other,23.225730632664792
